omega,amp_mean,weight_mean,cluster_k3,cluster_k4,cluster_k5
0.01,1.8078729842482473,0.002670683713631868,2,2,2
0.02,0.9049710903471937,0.0026708520497374997,2,2,2
0.03,0.6043425662472903,0.0026711326012382455,2,2,2
0.04,0.45424880879416657,0.0026715253538275234,0,3,4
0.05,0.36434993248526276,0.002672030288936647,0,3,4
0.06,0.3045363793540358,0.0026726473820053755,0,3,4
0.07,0.26190612688814213,0.002673376602805045,0,3,4
0.08,0.23000941712024953,0.0026742179156974575,0,3,4
0.09,0.20526385841926334,0.002675171279063233,0,3,4
0.1,0.1855205636895322,0.0026762366455993962,0,3,4
0.11,0.16941244775727074,0.0026774139620582425,0,3,4
0.12,0.15602840601370263,0.002678703169064101,0,3,4
0.13,0.14473788990602546,0.002680104201018957,0,3,4
0.14,0.13509067533817415,0.0026816169859919066,0,3,4
0.15,0.12675673076871985,0.00268324144551091,0,3,4
0.16,0.11948863947797413,0.002684977494376156,0,3,4
0.17,0.11309728780728415,0.0026868250404666993,0,3,4
0.18,0.10743565961917831,0.0026887839845861085,0,3,4
0.19,0.10238774996989135,0.002690854220166425,0,3,4
0.2,0.0978608059239496,0.0026930356330735297,0,3,4
0.21,0.09377978522033514,0.0026953281013611316,0,3,4
0.22,0.09008332693540771,0.0026977314949650725,0,3,4
0.23,0.08672077384132824,0.002700245675495742,0,3,4
0.24,0.0836499396196666,0.002702870495911205,0,3,4
0.25,0.08083541229805724,0.0027056058001787633,0,3,4
0.26,0.078247249486419,0.0027084514230133736,0,3,4
0.27,0.07585996379166066,0.002711407189514498,0,3,4
0.28,0.07365172583232962,0.002714472914835803,0,3,4
0.29,0.07160373230209176,0.002717648403801383,0,3,4
0.3,0.0696997005492517,0.002720933450541199,0,3,4
0.31,0.06792546108687392,0.0027243278381126157,0,3,4
0.32,0.0662686265972821,0.0027278313380693134,0,3,4
0.33,0.06471832119344802,0.0027314437100841326,0,3,4
0.34,0.06326495752219209,0.0027351647014570843,0,3,4
0.35000000000000003,0.06190005213313332,0.0027389940467195126,0,3,4
0.36,0.060616071666520416,0.002742931467151562,0,3,4
0.37,0.05940630402405745,0.0027469766703083886,0,3,4
0.38,0.05826474991618072,0.0027511293495127796,0,3,4
0.39,0.05718603112478374,0.0027553891833451303,0,3,4
0.4,0.056165312553063174,0.0027597558351801057,0,3,4
0.41000000000000003,0.05519823570591348,0.0027642289525780907,0,3,4
0.42,0.054280861693557024,0.0027688081667433676,0,3,4
0.43,0.05340962220615939,0.0027734930920270597,0,3,4
0.44,0.052581277189681454,0.002778283325242763,0,3,4
0.45,0.051792878179116805,0.0027831784451601473,0,3,4
0.46,0.05104173642697813,0.002788178011825593,0,3,4
0.47000000000000003,0.05032539511177312,0.0027932815659958057,0,3,4
0.48,0.04964160503053779,0.002798488628444448,0,3,4
0.49,0.04898830327689184,0.0028037986993534546,0,3,4
0.5,0.04836359448591621,0.002809211257589193,0,3,4
0.51,0.047765734292927936,0.0028147257600795866,0,3,4
0.52,0.04719311470755939,0.0028203416410530133,0,3,4
0.53,0.04664425114967682,0.002826058311374334,0,3,4
0.54,0.04611777093130671,0.00283187515778163,0,3,4
0.55,0.04561240300009798,0.0028377915421664646,0,3,4
0.56,0.04512696878632077,0.002843806800793719,0,3,4
0.5700000000000001,0.04466037401754103,0.0028499202435560396,0,3,4
0.58,0.04421160138390955,0.0028561311531532943,0,3,4
0.59,0.04377970395289659,0.002862438784319622,0,3,4
0.6,0.04336379924580282,0.0028688423630162468,0,3,4
0.61,0.04296306389990738,0.002875341085584169,0,3,4
0.62,0.04257672884993337,0.002881934117909404,0,3,4
0.63,0.04220407497097924,0.002888620594570247,0,3,4
0.64,0.04184442913226494,0.002895399617982397,0,3,4
0.65,0.041497160617335944,0.0029022702575088218,0,3,4
0.66,0.04116167787171205,0.0029092315485730546,0,3,4
0.67,0.04083742554366704,0.002916282491753327,0,3,4
0.68,0.040523881787841214,0.0029234220518708732,0,3,4
0.6900000000000001,0.04022055580494452,0.0029306491570963646,0,3,4
0.7000000000000001,0.039926985593833474,0.0029379626979536746,0,3,4
0.71,0.039642735894955226,0.0029453615264120464,0,3,4
0.72,0.03936739630646336,0.002952844454948485,0,3,4
0.73,0.03910057955639325,0.002960410255546401,0,3,4
0.74,0.03884191991605418,0.0029680576587489678,0,3,4
0.75,0.038591071741411825,0.002975785352665135,0,3,4
0.76,0.038347708130610246,0.0029835919819934846,0,3,4
0.77,0.038111519687025475,0.0029914761470044245,0,3,4
0.78,0.03788221337832838,0.0029994364025891732,0,3,4
0.79,0.03765951148301854,0.0030074712571832403,0,3,4
0.8,0.03744315061671819,0.003015579171835337,0,3,4
0.81,0.03723288083130735,0.003023758559123033,0,3,4
0.8200000000000001,0.0370284647806419,0.0030320077821715617,0,3,4
0.8300000000000001,0.03682967694720967,0.003040325153633724,0,3,4
0.84,0.03663630292460659,0.003048708934680516,0,3,4
0.85,0.03644813875122424,0.0030571573339310382,0,3,4
0.86,0.03626499029093708,0.0030656685065044223,0,3,4
0.87,0.036086672656993765,0.0030742405529489043,0,3,4
0.88,0.035913009675646035,0.003082871518246921,0,3,4
0.89,0.0357438333863762,0.003091559390799536,0,3,4
0.9,0.035578983575844846,0.0031003021014586315,0,3,4
0.91,0.03541830734296162,0.0031090975224489594,0,3,4
0.92,0.03526165869267365,0.003117943466454347,0,3,4
0.93,0.035108898156314,0.0031268376856364247,0,3,4
0.9400000000000001,0.03495989243650192,0.003135777870589622,0,3,4
0.9500000000000001,0.03481451407477841,0.003144761649465074,0,3,4
0.96,0.034672641140300976,0.003153786587008092,0,3,4
0.97,0.034534156938070486,0.0031628501835973405,0,3,4
0.98,0.034398949735280016,0.003171949874369503,0,3,4
0.99,0.034266912504491466,0.003181083028326197,0,3,4
1.0,0.0341379426824536,0.0031902469474369838,0,3,4
1.01,0.03401194194346754,0.0031994388658247767,0,3,4
1.02,0.03388881598629009,0.003208655948912201,0,3,4
1.03,0.033768474333649295,0.003217895292646407,0,3,4
1.04,0.03365083014350918,0.0032271539227067105,0,3,4
1.05,0.033535800031298704,0.003236428793792231,0,3,4
1.06,0.03342330390237306,0.003245716788883356,0,3,4
1.07,0.03331326479402377,0.0032550147186057965,0,3,4
1.08,0.03320560872641804,0.0032643193205514273,0,3,4
1.09,0.03310026456189148,0.0032736272587200227,0,3,4
1.1,0.03299716387204718,0.003282935122919145,0,3,0
1.11,0.032896240812168416,0.0032922394283163912,0,3,0
1.12,0.03279743200248558,0.003301536614896908,0,3,0
1.1300000000000001,0.032700676415859636,0.003310823047092867,0,3,0
1.1400000000000001,0.032605915271494465,0.0033200950134178006,0,3,0
1.1500000000000001,0.03251309193429257,0.0033293487261073975,0,3,0
1.16,0.03242215181952634,0.003338580320906642,0,3,0
1.17,0.03233304230248487,0.003347785856868646,0,3,0
1.18,0.03224571263281482,0.0033569613161874715,0,3,0
1.19,0.0321601138532588,0.003366102604132606,0,3,0
1.2,0.032076198722548535,0.00337520554906055,0,3,0
1.21,0.03199392164219235,0.0033842659024573753,0,3,0
1.22,0.03191323858694399,0.003393279339084594,0,3,0
1.23,0.031834107038734405,0.0034022414571850974,0,3,0
1.24,0.03175648592386368,0.0034111477787572017,0,3,0
1.25,0.03168033555328404,0.0034199937499672195,0,3,0
1.26,0.03160561756577502,0.0034287747415258324,0,3,0
1.27,0.03153229487387537,0.003437486049335308,0,3,0
1.28,0.03146033161239826,0.0034461228950061666,0,1,0
1.29,0.03138969308939976,0.0034546804266600314,0,1,0
1.3,0.03132034573945841,0.0034631537197119732,0,1,0
1.31,0.03125225707915046,0.003471537777788869,0,1,0
1.32,0.031185395664587074,0.0034798275337597205,0,1,0
1.33,0.031119731050923947,0.0034880178508670525,0,1,0
1.34,0.031055233753715984,0.0034961035238997677,0,1,0
1.35,0.030991875212040467,0.003504079280614829,0,1,0
1.36,0.030929627753279943,0.003511939783115297,0,1,0
1.37,0.030868464559490504,0.003519679629461635,0,1,0
1.3800000000000001,0.030808359635264886,0.0035272933553383507,0,1,0
1.3900000000000001,0.030749287777019373,0.003534775435873988,0,1,0
1.4000000000000001,0.030691224543631553,0.003542120287531733,0,1,0
1.41,0.030634146228356945,0.003549322270218509,0,1,0
1.42,0.030578029831964212,0.0035563756894345286,0,1,0
1.43,0.030522853037027516,0.00356327479858501,0,1,0
1.44,0.030468594183318036,0.0035700138014061284,0,1,0
1.45,0.03041523224423853,0.00357658685458237,0,1,0
1.46,0.03036274680425532,0.003582988070448391,0,1,0
1.47,0.030311118037273592,0.0035892115198404937,0,1,0
1.48,0.03026032668591602,0.00359525123506499,0,1,0
1.49,0.030210354041658474,0.0036011012130376012,0,1,0
1.5,0.030161181925775386,0.0036067554185926997,0,1,0
1.51,0.030112792671075243,0.003612207787894254,0,1,0
1.52,0.030065169104369214,0.003617452231916351,0,1,0
1.53,0.030018294529644437,0.0036224826402794365,0,1,0
1.54,0.02997215271192223,0.0036272928849941603,0,1,0
1.55,0.029926727861747476,0.003631876824536808,0,1,0
1.56,0.029882004620299194,0.003636228307931968,0,1,0
1.57,0.02983796804508373,0.003640341179074432,0,1,0
1.58,0.029794603596187928,0.003644209281177872,0,1,0
1.59,0.029751897123066286,0.0036478264613342562,0,1,0
1.6,0.02970983485183851,0.003651186575223792,0,1,0
1.61,0.02966840337307562,0.0036542834920048105,0,1,0
1.62,0.02962758963004881,0.0036571110993331157,0,1,0
1.6300000000000001,0.029587380907428237,0.003659663308451649,0,1,0
1.6400000000000001,0.02954776482040338,0.0036619340595323594,0,1,0
1.6500000000000001,0.029508729304217652,0.003663917327074699,0,1,0
1.6600000000000001,0.029470262604085435,0.003665607125440463,0,1,0
1.67,0.02943235326548808,0.003666997514556037,0,1,0
1.68,0.02939499012482604,0.0036680826056687786,0,1,0
1.69,0.02935816230041133,0.0036688565673513958,0,1,0
1.7,0.029321859183791103,0.0036693136314617856,0,1,0
1.71,0.029286070431383992,0.0036694480993196294,0,1,0
1.72,0.029250785956415965,0.0036692543479964744,0,1,0
1.73,0.029215995921148857,0.003668726836662617,0,1,0
1.74,0.029181690729381163,0.0036678601130207844,0,1,0
1.75,0.029147861019219085,0.0036666488198916166,0,1,0
1.76,0.02911449765609614,0.003665087701808848,0,1,0
1.77,0.029081591726043476,0.003663171611773957,0,1,0
1.78,0.02904913452919051,0.003660895517984213,0,1,0
1.79,0.029017117573494115,0.0036582545107237065,0,1,0
1.8,0.028985532568677766,0.0036552438092225144,0,1,0
1.81,0.028954371420386045,0.0036518587685968867,0,1,0
1.82,0.02892362622453361,0.0036480948868295006,0,1,0
1.83,0.028893289261846773,0.003643947811779016,0,1,0
1.84,0.02886335299259105,0.0036394133481976324,0,1,0
1.85,0.028833810051470902,0.003634487464740114,0,1,0
1.86,0.028804653242706306,0.0036291663009854888,0,1,0
1.87,0.028775875535267115,0.003623446174462733,0,1,0
1.8800000000000001,0.028747470058268283,0.003617323587619979,0,1,0
1.8900000000000001,0.028719430096514995,0.0036107952347387523,0,1,0
1.9000000000000001,0.0286917490861946,0.003603858008899138,0,1,0
1.9100000000000001,0.028664420610706103,0.003596509008712246,0,1,0
1.92,0.028637438396628433,0.003588745545168709,0,1,0
1.93,0.02861079630981633,0.003580565148259527,0,1,0
1.94,0.028584488351620623,0.003571965573560028,0,1,0
1.95,0.028558508655230613,0.0035629448086672024,0,1,0
1.96,0.02853285148213265,0.003553501079575626,0,1,0
1.97,0.028507511218680393,0.0035436328567884836,0,1,0
1.98,0.028482482372770037,0.0035333388614382944,0,1,0
1.99,0.028457759570624068,0.003522618071098715,0,1,0
2.0,0.028433337553671976,0.0035114697254579777,0,1,0
2.0100000000000002,0.02840921117552956,0.003499893331840299,0,1,0
2.02,0.028385375399068505,0.003487888670465151,0,1,0
2.0300000000000002,0.02836182529357868,0.003475455799451052,0,1,0
2.04,0.028338556032016276,0.0034625950596923294,0,1,0
2.05,0.02831556288833498,0.0034493070793400467,0,1,0
2.06,0.02829284123489726,0.0034355927781376597,0,1,0
2.07,0.028270386539967347,0.0034214533713433845,0,1,0
2.08,0.028248194365273125,0.0034068903735350437,0,1,0
2.09,0.028226260363645405,0.0033919056018850155,0,1,0
2.1,0.02820458027672741,0.0033765011792871768,0,1,0
2.11,0.028183149932748116,0.0033606795370717895,0,1,0
2.12,0.028161965244365955,0.0033444434173464394,0,1,0
2.13,0.02814102220657037,0.0033277958750388458,0,1,0
2.14,0.02812031689465004,0.003310740279490697,0,1,0
2.15,0.028099845462217058,0.003293280315733943,0,1,0
2.16,0.028079604139286264,0.0032754199852972374,0,1,0
2.17,0.028059589230415214,0.0032571636066476227,0,1,0
2.18,0.028039797112891177,0.0032385158152417838,0,1,0
2.19,0.028020224234975896,0.003219481563019848,0,1,0
2.2,0.02800086711419623,0.0032000661176191294,0,1,0
2.21,0.027981722335681698,0.0031802750610325182,0,1,0
2.22,0.027962786550556156,0.0031601142878630436,0,1,0
2.23,0.027944056474364088,0.0031395900030734263,0,1,0
2.24,0.027925528885549517,0.003118708719340157,0,1,0
2.25,0.027907200623975083,0.00309747725382602,0,1,0
2.2600000000000002,0.02788906858947688,0.0030759027245989864,0,1,0
2.27,0.027871129740465937,0.003053992546481705,0,1,0
2.2800000000000002,0.02785338109256492,0.0030317544264586503,0,1,0
2.29,0.027835819717281808,0.00300919635860908,0,1,0
2.3000000000000003,0.027818442740721094,0.002986326618502579,0,1,0
2.31,0.027801247342327803,0.002963153757199879,0,1,0
2.32,0.02778423075366666,0.0029396865947015306,0,1,0
2.33,0.0277673902572361,0.0029159342129397867,0,1,0
2.34,0.027750723185308707,0.0028919059483473023,0,1,0
2.35,0.027734226918806563,0.002867611383878789,0,1,0
2.36,0.027717898886208497,0.0028430603406385947,0,1,0
2.37,0.02770173656247892,0.0028182628690245908,0,1,0
2.38,0.027685737468031567,0.002793229239467589,0,1,0
2.39,0.027669899167718094,0.002767969932675523,0,1,0
2.4,0.027654219269841455,0.002742495629561676,0,1,0
2.41,0.027638695425198517,0.0027168172006259267,0,1,0
2.42,0.02762332532614351,0.002690945695087848,0,1,0
2.43,0.027608106705678395,0.0026648923295500998,0,1,0
2.44,0.027593037336565714,0.0026386684763413664,0,1,0
2.45,0.027578115030464593,0.00261228565149366,0,1,0
2.46,0.02756333763708592,0.0025857555024363156,0,1,0
2.47,0.02754870304337596,0.002559089795341094,0,1,0
2.48,0.02753420917271089,0.0025323004021870995,0,1,0
2.49,0.027519853984119994,0.0025053992876342196,0,1,0
2.5,0.027505635471523987,0.0024783984955470233,0,1,0
2.5100000000000002,0.02749155166299402,0.0024513101353918405,0,1,0
2.52,0.027477600620028467,0.0024241463684249163,0,1,1
2.5300000000000002,0.02746378043684704,0.0023969193936921062,0,1,1
2.54,0.02745008923970306,0.0023696414339052932,0,1,1
2.5500000000000003,0.02743652518621619,0.0023423247212240035,0,1,1
2.56,0.027423086464712056,0.0023149814829191723,0,1,1
2.57,0.02740977129358788,0.00228762392702054,0,1,1
2.58,0.027396577920690956,0.0022602642279085077,0,1,1
2.59,0.02738350462270653,0.0022329145119201746,0,1,1
2.6,0.02737054970456889,0.0022055868429891445,0,1,1
2.61,0.027357711498879486,0.0021782932083383045,0,1,1
2.62,0.027344988365346358,0.0021510455042753895,0,1,1
2.63,0.02733237869022611,0.002123855522102151,0,1,1
2.64,0.02731988088579364,0.0020967349341721366,0,1,1
2.65,0.027307493389810495,0.00206969528012857,0,1,1
2.66,0.02729521466501488,0.0020427479533710532,1,1,1
2.67,0.02728304319861957,0.0020159041877364017,1,1,1
2.68,0.02727097750182349,0.001989175044440457,1,1,1
2.69,0.027259016109334067,0.0019625713993717186,1,1,1
2.7,0.027247157578899436,0.0019361039306243807,1,1,1
2.71,0.0272354004908548,0.0019097831064703516,1,1,1
2.72,0.027223743447674212,0.001883619173631774,1,1,1
2.73,0.027212185073539497,0.0018576221460027942,1,1,1
2.74,0.02720072401391117,0.0018318017937880694,1,1,1
2.75,0.027189358935116915,0.0018061676330831434,1,1,1
2.7600000000000002,0.027178088523943638,0.0017807289159434661,1,1,1
2.77,0.02716691148724111,0.0017554946209177467,1,1,1
2.7800000000000002,0.027155826551535745,0.0017304734441378439,1,1,1
2.79,0.02714483246265035,0.0017056737908983921,1,1,1
2.8000000000000003,0.02713392798533531,0.001681103767822084,1,0,1
2.81,0.027123111902905825,0.0016567711755568983,1,0,1
2.82,0.02711238301688676,0.0016326835020943854,1,0,1
2.83,0.027101740146670352,0.001608847916626685,1,0,1
2.84,0.027091182129174794,0.001585271264061848,1,0,1
2.85,0.02708070781851323,0.0015619600601135572,1,0,1
2.86,0.027070316085673632,0.001538920487027575,1,0,1
2.87,0.027060005818198524,0.0015161583899294712,1,0,1
2.88,0.02704977591987844,0.0014936792738052926,1,0,1
2.89,0.0270396253104475,0.0014714883011153967,1,0,1
2.9,0.027029552925287647,0.0014495902900428846,1,0,1
2.91,0.027019557715140214,0.001427989713370861,1,0,1
2.92,0.027009638645821205,0.0014066906979848554,1,0,1
2.93,0.026999794697945004,0.001385697025027424,1,0,1
2.94,0.026990024866650995,0.0013650121306312932,1,0,1
2.95,0.02698032816134195,0.0013446391072890825,1,0,1
2.96,0.026970703605419182,0.0013245807058302414,1,0,1
2.97,0.02696115023603271,0.0013048393379608552,1,0,1
2.98,0.026951667103830644,0.0012854170794094695,1,0,1
2.99,0.026942253272714226,0.0012663156736118664,1,0,1
3.0,0.026932907819601472,0.0012475365359632155,1,0,1
3.0100000000000002,0.026923629834192254,0.0012290807585789555,1,0,1
3.02,0.026914418418740923,0.0012109491155833897,1,0,1
3.0300000000000002,0.026905272687831997,0.0011931420688785855,1,0,1
3.04,0.026896191768159404,0.0011756597743927007,1,0,1
3.0500000000000003,0.026887174798314064,0.0011585020887534823,1,0,1
3.06,0.02687822092857443,0.0011416685764191563,1,0,1
3.0700000000000003,0.0268693293206966,0.0011251585171788993,1,0,1
3.08,0.026860499147717237,0.001108970914039884,1,0,1
3.09,0.02685172959375287,0.001093104501470884,1,0,1
3.1,0.026843019853809838,0.0010775577539487691,1,0,1
3.11,0.026834369133590375,0.001062328894821609,1,0,1
3.12,0.026825776649311173,0.0010474159054235455,1,0,1
3.13,0.02681724162751889,0.0010328165344377104,1,0,1
3.14,0.026808763304912754,0.00101852830746841,1,0,1
3.15,0.026800340928170747,0.0010045485368004204,1,0,1
3.16,0.026791973753778238,0.0009908743313099047,1,0,1
3.17,0.02678366104785788,0.0009775026065096657,1,0,1
3.18,0.026775402086008492,0.0009644300946874533,1,0,1
3.19,0.026767196153144525,0.0009516533551179319,1,0,1
3.2,0.026759042543333774,0.0009391687843285855,1,0,1
3.21,0.026750940559647045,0.0009269726263726156,1,0,1
3.22,0.026742889514004428,0.0009150609831016646,1,0,1
3.23,0.026734888727026986,0.0009034298244034656,1,0,1
3.24,0.026726937527891417,0.0008920749983805182,1,0,1
3.25,0.026719035254186493,0.0008809922414494311,1,0,1
3.2600000000000002,0.026711181251773783,0.0008701771883349826,1,0,1
3.27,0.02670337487464925,0.0008596253819355001,1,0,1
3.2800000000000002,0.026695615484808147,0.000849332283038805,1,0,1
3.29,0.026687902452116732,0.000839293279875784,1,0,1
3.3000000000000003,0.026680235154176068,0.000829503697480105,1,0,1
3.31,0.02667261297620169,0.0008199588068449425,1,0,1
3.3200000000000003,0.026665035310893304,0.0008106538338607291,1,0,1
3.33,0.0266575015583179,0.0008015839680089851,1,0,1
3.34,0.026650011125784655,0.0007927443708122057,1,0,1
3.35,0.026642563427731237,0.0007841301840130177,1,0,1
3.36,0.02663515788560581,0.0007757365374782485,1,0,1
3.37,0.02662779392775637,0.0007675585568207164,1,0,1
3.38,0.02662047098931662,0.000759591370718414,1,0,1
3.39,0.026613188512100507,0.0007518301179336586,1,0,1
3.4,0.026605945944491675,0.00074426995402416,1,0,1
3.41,0.026598742741340047,0.0007369060577318694,1,0,1
3.42,0.02659157836386139,0.0007297336370575468,1,0,1
3.43,0.0265844522795318,0.0007227479350105603,1,0,1
3.44,0.02657736396199103,0.0007159442350342829,1,0,1
3.45,0.026570312890945504,0.000709317866106379,1,0,1
3.46,0.026563298552071533,0.0007028642075143512,1,0,1
3.47,0.026556320436923228,0.0006965786933077674,1,0,1
3.48,0.02654937804283661,0.0006904568164298944,1,0,1
3.49,0.02654247087284516,0.0006844941325329064,1,0,1
3.5,0.02653559843558644,0.0006786862634797005,1,0,1
3.5100000000000002,0.026528760245216262,0.0006730289005376904,1,0,1
3.52,0.02652195582132405,0.0006675178072717674,1,0,1
3.5300000000000002,0.02651518468884774,0.0006621488221431007,1,0,1
3.54,0.026508446377993357,0.0006569178608193286,1,0,3
3.5500000000000003,0.026501740424150964,0.0006518209182065927,1,0,3
3.56,0.026495066367817437,0.0006468540702109116,1,0,3
3.5700000000000003,0.02648842375451932,0.0006420134752364607,1,0,3
3.58,0.026481812134732233,0.0006372953754352771,1,0,3
3.59,0.026475231063810174,0.0006326960977108188,1,0,3
3.6,0.02646868010190928,0.0006282120544933335,1,0,3
3.61,0.02646215881391447,0.0006238397442919203,1,0,3
3.62,0.026455666769370906,0.0006195757520363054,1,0,3
3.63,0.026449203542410548,0.0006154167492196152,1,0,3
3.64,0.02644276871168619,0.0006113594938515438,1,0,3
3.65,0.026436361860302245,0.0006074008302341932,1,0,3
3.66,0.026429982575749644,0.0006035376885709722,1,0,3
3.67,0.026423630449838708,0.000599767084419792,1,0,3
3.68,0.026417305078637394,0.0005960861180011548,1,0,3
3.69,0.026411006062406043,0.0005924919733715681,1,0,3
3.7,0.02640473300553682,0.0005889819174738463,1,0,3
3.71,0.026398485516493698,0.0005855532990734645,1,0,3
3.72,0.0263922632077507,0.0005822035475922365,1,0,3
3.73,0.026386065695734782,0.0005789301718472922,1,0,3
3.74,0.02637989260076709,0.0005757307587075797,1,0,3
3.75,0.026373743547007316,0.0005726029716745918,1,0,3
3.7600000000000002,0.026367618162397834,0.0005695445493976458,1,0,3
3.77,0.02636151607860813,0.0005665533041320073,1,0,3
3.7800000000000002,0.026355436930981954,0.0005636271201474658,1,0,3
3.79,0.026349380358482964,0.0005607639520962399,1,0,3
3.8000000000000003,0.026343346003645386,0.00055796182334587,1,0,3
3.81,0.026337333512520007,0.0005552188242870814,1,0,3
3.8200000000000003,0.026331342534625934,0.0005525331106191223,1,0,3
3.83,0.02632537272290019,0.000549902901622895,1,0,3
3.84,0.026319423733650375,0.0005473264784247228,1,0,3
3.85,0.026313495226505685,0.000544802182257977,1,0,3
3.86,0.026307586864369466,0.0005423284127267866,1,0,3
3.87,0.02630169831337501,0.0005399036260762195,1,0,3
3.88,0.02629582924284051,0.0005375263334741688,1,0,3
3.89,0.02628997932522124,0.0005351950993081909,1,0,3
3.9,0.026284148236069026,0.0005329085395008418,1,0,3
3.91,0.02627833565398711,0.0005306653198470455,1,0,3
3.92,0.026272541260589935,0.0005284641543755776,1,0,3
3.93,0.026266764740458158,0.0005263038037390134,1,0,3
3.94,0.026261005781101462,0.0005241830736317816,1,0,3
3.95,0.026255264072915327,0.000522100813240558,1,0,3
3.96,0.026249539309142342,0.0005200559137278182,1,0,3
3.97,0.026243831185834517,0.0005180473067492625,1,0,3
3.98,0.026238139401813357,0.0005160739630078383,1,0,3
3.99,0.02623246365863162,0.0005141348908438286,1,0,3
4.0,0.02622680366053848,0.0005122291348623713,1,0,3
4.01,0.02622115911444201,0.0005103557745993475,1,0,3
4.0200000000000005,0.026215529729872213,0.0005085139232252095,1,0,3
4.03,0.026209915218946132,0.000506702726287354,1,0,3
4.04,0.02620431529633588,0.0005049213604906462,1,0,3
4.05,0.026198729679230356,0.0005031690325171642,1,0,3
4.0600000000000005,0.026193158087304096,0.0005014449778830572,1,0,3
4.07,0.026187600242683986,0.0004997484598337872,1,0,3
4.08,0.026182055869916523,0.0004980787682762336,1,0,3
4.09,0.0261765246959354,0.0004964352187483443,1,0,3
4.1,0.026171006450031238,0.0004948171514237661,1,0,3
4.11,0.026165500863818757,0.000493223930152802,1,0,3
4.12,0.026160007671208997,0.000491654941537565,1,0,3
4.13,0.026154526608376073,0.0004901095940412971,1,0,3
4.14,0.026149057413730574,0.0004885873171304369,1,0,3
4.15,0.026143599827889323,0.00048708756044889224,1,0,3
4.16,0.026138153593645866,0.0004856097930238864,1,0,3
4.17,0.026132718455945846,0.00048415350250134785,1,0,3
4.18,0.026127294161853686,0.00048271819441190577,1,0,3
4.19,0.026121880460532,0.00048130339146405083,1,0,3
4.2,0.02611647710320907,0.00047990863286590635,1,0,3
4.21,0.02611108384315645,0.0004785334736728554,1,0,3
4.22,0.026105700435660528,0.0004771774841614406,1,0,3
4.23,0.026100326637999452,0.00047584024922730595,1,0,3
4.24,0.026094962209414967,0.00047452136780812363,1,0,3
4.25,0.026089606911091145,0.00047322045232806953,1,0,3
4.26,0.026084260506126597,0.0004719371281659271,1,0,3
4.2700000000000005,0.026078922759514324,0.0004706710331431555,1,0,3
4.28,0.026073593438114443,0.00046942181703354285,1,0,3
4.29,0.02606827231063337,0.00046818914109167907,1,0,3
4.3,0.026062959147600748,0.00046697267760081754,1,0,3
4.3100000000000005,0.0260576537213454,0.0004657721094387266,1,0,3
4.32,0.026052355805977007,0.0004645871296609211,1,0,3
4.33,0.026047065177358067,0.00046341744110100776,1,0,3
4.34,0.026041781613089832,0.0004622627559862755,1,0,3
4.3500000000000005,0.026036504892485313,0.0004611227955697802,1,0,3
4.36,0.026031234796552255,0.0004599972897761955,1,0,3
4.37,0.026025971107971023,0.00045888597686261106,1,0,3
4.38,0.02602071361107376,0.00045778860309285884,1,0,3
4.39,0.026015462091827313,0.0004567049224242023,1,0,3
4.4,0.026010216337810407,0.00045563469620770494,1,0,3
4.41,0.02600497613819759,0.00045457769289977565,1,0,3
4.42,0.025999741283738227,0.00045353368778561806,1,0,3
4.43,0.025994511566739466,0.00045250246271371335,1,0,3
4.44,0.025989286781045604,0.0004514838058412084,1,0,3
4.45,0.025984066722023174,0.0004504775113891234,1,0,3
4.46,0.02597885118654036,0.0004494833794078309,1,0,3
4.47,0.02597363997295216,0.0004485012155514101,1,0,3
4.48,0.02596843288108078,0.00044753083086176683,1,0,3
4.49,0.0259632297122002,0.0004465720415611593,1,0,3
4.5,0.025958030269019147,0.00044562466885283725,1,0,3
4.51,0.025952834355664495,0.00044468853873017554,1,0,3
4.5200000000000005,0.025947641777666477,0.00044376348179325434,1,0,3
4.53,0.025942452341940137,0.00044284933307309134,1,0,3
4.54,0.025937265856771516,0.0004419459318630286,1,0,3
4.55,0.025932082131802297,0.0004410531215566585,1,0,3
4.5600000000000005,0.025926900978014613,0.000440170749492766,1,0,3
4.57,0.025921722207714718,0.0004392986668065872,1,0,3
4.58,0.02591654563452076,0.0004384367282868475,1,0,3
4.59,0.025911371073345377,0.000437584792239233,1,0,3
4.6000000000000005,0.02590619834038376,0.00043674272035488577,1,0,3
4.61,0.025901027253098587,0.00043591037758505417,1,0,3
4.62,0.025895857630207467,0.0004350876320202638,1,0,3
4.63,0.025890689291666567,0.00043427435477517106,1,0,3
4.64,0.025885522058659672,0.00043347041987768474,1,0,3
4.65,0.02588035575358547,0.00043267570416326057,1,0,3
4.66,0.02587519020004102,0.00043189008717337566,1,0,3
4.67,0.025870025222813866,0.0004311134510582193,1,0,3
4.68,0.025864860647865084,0.0004303456804838716,1,0,3
4.69,0.025859696302318914,0.00042958666254328535,1,0,3
4.7,0.025854532014451027,0.00042883628667090033,1,0,3
4.71,0.025849367613676427,0.0004280944445610948,1,0,3
4.72,0.025844202930535333,0.0004273610300905956,1,0,3
4.73,0.02583903779668454,0.00042663593924328126,1,0,3
4.74,0.025833872044884222,0.00042591907003932056,1,0,3
4.75,0.025828705508986683,0.00042521032246673976,1,0,3
4.76,0.02582353802392633,0.00042450959841616287,1,0,3
4.7700000000000005,0.025818369425707914,0.0004238168016185974,1,0,3
4.78,0.025813199551395615,0.0004231318375859061,1,0,3
4.79,0.025808028239102276,0.0004224546135538099,1,0,3
4.8,0.025802855327979997,0.00042178503842752645,1,0,3
4.8100000000000005,0.025797680658209133,0.00042112302272990083,1,0,3
4.82,0.02579250407098806,0.0004204684785518945,1,0,3
4.83,0.025787325408523513,0.00041982131950514214,1,0,3
4.84,0.025782144514020645,0.00041918146067682733,1,0,3
4.8500000000000005,0.02577696123167233,0.0004185488185866988,1,0,3
4.86,0.025771775406652955,0.00041792331114555556,1,0,3
4.87,0.02576658688510421,0.000417304857616447,1,0,3
4.88,0.025761395514130297,0.0004166933785768245,1,0,3
4.89,0.025756201141785715,0.0004160887958831688,1,0,3
4.9,0.025751003617068266,0.0004154910326366023,1,0,3
4.91,0.025745802789909296,0.0004149000131505234,1,0,3
4.92,0.02574059851116535,0.00041431566291970037,1,0,3
4.93,0.02573539063260987,0.0004137379085905301,1,0,3
4.94,0.02573017900692406,0.00041316667793297036,1,0,3
4.95,0.02572496348768887,0.0004126018998137866,1,0,3
4.96,0.025719743929377082,0.0004120435041706671,1,0,3
4.97,0.02571452018734662,0.00041149142198792545,1,0,3
4.98,0.025709292117829366,0.00041094558527331036,1,0,3
4.99,0.02570405957792591,0.0004104059270355898,1,0,3
5.0,0.025698822425598546,0.00040987238126346056,1,0,3
